[
  {
    "title": "Independence Day Deal - 25% off on shampoo",
    "image_name": "offer1.jpg",
    "bannerImageAlt": "Independence Day Deal - 25% off on shampoo",
    "is_published": true,
    "order": 1,
    "id": "5b6c38156cb7d770b7010ccc"
  },
  {  "title":"Independence Day Deal - Rs120 off on surf",
    "image_name": "offer2.jpg",
    "bannerImageAlt": "Independence Day Deal - Rs120 off on surf",
    "is_published": true,
    "order": 2,
    "id": "5b6c38336cb7d770b7010ccd"
  },
  {  "title":"Independence Day Deal - Rs99 off on domex",
    "image_name": "offer3.jpg",
    "bannerImageAlt": "Independence Day Deal - Rs99 off on domex",
    "is_published": true,
    "order": 3,
    "id": "5b6c38456cb7d770b7010cce"
  },
  {  "title":"Independence Day Deal - Rs99 off on bodywash",
    "image_name": "offer4.jpg",
    "bannerImageAlt": "Independence Day Deal - Rs99 off on bodywash",
    "is_published": true,
    "order": 4,
    "id": "5b6c38576cb7d770b7010ccf"
  },
  {  "title":"Independence Day Deal - Rs70 off on tea",
    "image_name": "offer5.jpg",
    "bannerImageAlt": "Independence Day Deal - Rs70 off on tea",
    "is_published": true,
    "order": 5,
    "id": "5b6c386b6cb7d770b7010cd0"
  }
]